kit,core,voltage_V,rate_bins_per_s,energy_dyn_per_bin_nJ,leakage_total_uW,leakage_logic_uW,p_avg_uW,p_avg_logic_leak_uW,energy_window
SkyWater sky130,sp,1.8,1,2.8011,0.24322,0.080636,0.24602,0.083437,sdf_w5000
SkyWater sky130,sp,1.8,2,2.8011,0.24322,0.080636,0.24882,0.086238,sdf_w5000
SkyWater sky130,sp,1.8,5,2.8011,0.24322,0.080636,0.25723,0.094641,sdf_w5000
SkyWater sky130,sp,1.8,10,2.8011,0.24322,0.080636,0.27123,0.10865,sdf_w5000
SkyWater sky130,sp,1.8,20,2.8011,0.24322,0.080636,0.29924,0.13666,sdf_w5000
SkyWater sky130,sp,1.8,50,2.8011,0.24322,0.080636,0.38328,0.22069,sdf_w5000
SkyWater sky130,sp,1.8,100,2.8011,0.24322,0.080636,0.52333,0.36074,sdf_w5000
SkyWater sky130,sp,1.8,250,2.8011,0.24322,0.080636,0.94349,0.7809,sdf_w5000
SkyWater sky130,sp,1.8,500,2.8011,0.24322,0.080636,1.6438,1.4812,sdf_w5000
SkyWater sky130,sp,1.8,1000,2.8011,0.24322,0.080636,3.0443,2.8817,sdf_w5000
SkyWater sky130,m12,1.8,1,6.034,0.36182,0.1029,0.36785,0.10893,sdf_w5000
SkyWater sky130,m12,1.8,2,6.034,0.36182,0.1029,0.37389,0.11496,sdf_w5000
SkyWater sky130,m12,1.8,5,6.034,0.36182,0.1029,0.39199,0.13307,sdf_w5000
SkyWater sky130,m12,1.8,10,6.034,0.36182,0.1029,0.42216,0.16324,sdf_w5000
SkyWater sky130,m12,1.8,20,6.034,0.36182,0.1029,0.4825,0.22358,sdf_w5000
SkyWater sky130,m12,1.8,50,6.034,0.36182,0.1029,0.66352,0.40459,sdf_w5000
SkyWater sky130,m12,1.8,100,6.034,0.36182,0.1029,0.96521,0.70629,sdf_w5000
SkyWater sky130,m12,1.8,250,6.034,0.36182,0.1029,1.8703,1.6114,sdf_w5000
SkyWater sky130,m12,1.8,500,6.034,0.36182,0.1029,3.3788,3.1199,sdf_w5000
SkyWater sky130,m12,1.8,1000,6.034,0.36182,0.1029,6.3958,6.1369,sdf_w5000
SkyWater sky130,min32,1.8,1,3.7084,0.14421,0.053262,0.14792,0.05697,sdf_w5000
SkyWater sky130,min32,1.8,2,3.7084,0.14421,0.053262,0.15162,0.060678,sdf_w5000
SkyWater sky130,min32,1.8,5,3.7084,0.14421,0.053262,0.16275,0.071803,sdf_w5000
SkyWater sky130,min32,1.8,10,3.7084,0.14421,0.053262,0.18129,0.090345,sdf_w5000
SkyWater sky130,min32,1.8,20,3.7084,0.14421,0.053262,0.21838,0.12743,sdf_w5000
SkyWater sky130,min32,1.8,50,3.7084,0.14421,0.053262,0.32963,0.23868,sdf_w5000
SkyWater sky130,min32,1.8,100,3.7084,0.14421,0.053262,0.51505,0.4241,sdf_w5000
SkyWater sky130,min32,1.8,250,3.7084,0.14421,0.053262,1.0713,0.98036,sdf_w5000
SkyWater sky130,min32,1.8,500,3.7084,0.14421,0.053262,1.9984,1.9074,sdf_w5000
SkyWater sky130,min32,1.8,1000,3.7084,0.14421,0.053262,3.8526,3.7616,sdf_w5000
SkyWater sky130,min16,1.8,1,1.8327,0.064078,0.030038,0.06591,0.031871,sdf_w5000
SkyWater sky130,min16,1.8,2,1.8327,0.064078,0.030038,0.067743,0.033704,sdf_w5000
SkyWater sky130,min16,1.8,5,1.8327,0.064078,0.030038,0.073241,0.039202,sdf_w5000
SkyWater sky130,min16,1.8,10,1.8327,0.064078,0.030038,0.082405,0.048365,sdf_w5000
SkyWater sky130,min16,1.8,20,1.8327,0.064078,0.030038,0.10073,0.066692,sdf_w5000
SkyWater sky130,min16,1.8,50,1.8327,0.064078,0.030038,0.15571,0.12167,sdf_w5000
SkyWater sky130,min16,1.8,100,1.8327,0.064078,0.030038,0.24735,0.21331,sdf_w5000
SkyWater sky130,min16,1.8,250,1.8327,0.064078,0.030038,0.52226,0.48822,sdf_w5000
SkyWater sky130,min16,1.8,500,1.8327,0.064078,0.030038,0.98044,0.9464,sdf_w5000
SkyWater sky130,min16,1.8,1000,1.8327,0.064078,0.030038,1.8968,1.8628,sdf_w5000
SkyWater sky130,lmin2,1.8,1,4.2608,4.3816,0.84647,4.3859,0.85073,sdf_w5000
SkyWater sky130,lmin2,1.8,2,4.2608,4.3816,0.84647,4.3901,0.85499,sdf_w5000
SkyWater sky130,lmin2,1.8,5,4.2608,4.3816,0.84647,4.4029,0.86778,sdf_w5000
SkyWater sky130,lmin2,1.8,10,4.2608,4.3816,0.84647,4.4242,0.88908,sdf_w5000
SkyWater sky130,lmin2,1.8,20,4.2608,4.3816,0.84647,4.4668,0.93169,sdf_w5000
SkyWater sky130,lmin2,1.8,50,4.2608,4.3816,0.84647,4.5947,1.0595,sdf_w5000
SkyWater sky130,lmin2,1.8,100,4.2608,4.3816,0.84647,4.8077,1.2726,sdf_w5000
SkyWater sky130,lmin2,1.8,250,4.2608,4.3816,0.84647,5.4468,1.9117,sdf_w5000
SkyWater sky130,lmin2,1.8,500,4.2608,4.3816,0.84647,6.512,2.9769,sdf_w5000
SkyWater sky130,lmin2,1.8,1000,4.2608,4.3816,0.84647,8.6424,5.1073,sdf_w5000
SkyWater sky130,g32p50,1.8,1,1.9513,0.10809,0.046128,0.11004,0.048079,sdf_w5000
SkyWater sky130,g32p50,1.8,2,1.9513,0.10809,0.046128,0.112,0.05003,sdf_w5000
SkyWater sky130,g32p50,1.8,5,1.9513,0.10809,0.046128,0.11785,0.055884,sdf_w5000
SkyWater sky130,g32p50,1.8,10,1.9513,0.10809,0.046128,0.12761,0.06564,sdf_w5000
SkyWater sky130,g32p50,1.8,20,1.9513,0.10809,0.046128,0.14712,0.085153,sdf_w5000
SkyWater sky130,g32p50,1.8,50,1.9513,0.10809,0.046128,0.20566,0.14369,sdf_w5000
SkyWater sky130,g32p50,1.8,100,1.9513,0.10809,0.046128,0.30322,0.24125,sdf_w5000
SkyWater sky130,g32p50,1.8,250,1.9513,0.10809,0.046128,0.59591,0.53394,sdf_w5000
SkyWater sky130,g32p50,1.8,500,1.9513,0.10809,0.046128,1.0837,1.0218,sdf_w5000
SkyWater sky130,g32p50,1.8,1000,1.9513,0.10809,0.046128,2.0594,1.9974,sdf_w5000
GlobalFoundries GF180MCU,sp,5.0,1,46.317,4.1248,3.1525,4.1711,3.1988,sdf_w5000
GlobalFoundries GF180MCU,sp,5.0,2,46.317,4.1248,3.1525,4.2174,3.2451,sdf_w5000
GlobalFoundries GF180MCU,sp,5.0,5,46.317,4.1248,3.1525,4.3563,3.3841,sdf_w5000
GlobalFoundries GF180MCU,sp,5.0,10,46.317,4.1248,3.1525,4.5879,3.6157,sdf_w5000
GlobalFoundries GF180MCU,sp,5.0,20,46.317,4.1248,3.1525,5.0511,4.0788,sdf_w5000
GlobalFoundries GF180MCU,sp,5.0,50,46.317,4.1248,3.1525,6.4406,5.4684,sdf_w5000
GlobalFoundries GF180MCU,sp,5.0,100,46.317,4.1248,3.1525,8.7565,7.7842,sdf_w5000
GlobalFoundries GF180MCU,sp,5.0,250,46.317,4.1248,3.1525,15.704,14.732,sdf_w5000
GlobalFoundries GF180MCU,sp,5.0,500,46.317,4.1248,3.1525,27.283,26.311,sdf_w5000
GlobalFoundries GF180MCU,sp,5.0,1000,46.317,4.1248,3.1525,50.442,49.47,sdf_w5000
GlobalFoundries GF180MCU,m12,5.0,1,81.729,6.198,4.0388,6.2797,4.1205,sdf_w5000
GlobalFoundries GF180MCU,m12,5.0,2,81.729,6.198,4.0388,6.3614,4.2023,sdf_w5000
GlobalFoundries GF180MCU,m12,5.0,5,81.729,6.198,4.0388,6.6066,4.4474,sdf_w5000
GlobalFoundries GF180MCU,m12,5.0,10,81.729,6.198,4.0388,7.0153,4.8561,sdf_w5000
GlobalFoundries GF180MCU,m12,5.0,20,81.729,6.198,4.0388,7.8325,5.6734,sdf_w5000
GlobalFoundries GF180MCU,m12,5.0,50,81.729,6.198,4.0388,10.284,8.1252,sdf_w5000
GlobalFoundries GF180MCU,m12,5.0,100,81.729,6.198,4.0388,14.371,12.212,sdf_w5000
GlobalFoundries GF180MCU,m12,5.0,250,81.729,6.198,4.0388,26.63,24.471,sdf_w5000
GlobalFoundries GF180MCU,m12,5.0,500,81.729,6.198,4.0388,47.062,44.903,sdf_w5000
GlobalFoundries GF180MCU,m12,5.0,1000,81.729,6.198,4.0388,87.927,85.767,sdf_w5000
GlobalFoundries GF180MCU,min32,5.0,1,62.429,3.5707,2.5685,3.6332,2.6309,sdf_w5000
GlobalFoundries GF180MCU,min32,5.0,2,62.429,3.5707,2.5685,3.6956,2.6934,sdf_w5000
GlobalFoundries GF180MCU,min32,5.0,5,62.429,3.5707,2.5685,3.8829,2.8807,sdf_w5000
GlobalFoundries GF180MCU,min32,5.0,10,62.429,3.5707,2.5685,4.195,3.1928,sdf_w5000
GlobalFoundries GF180MCU,min32,5.0,20,62.429,3.5707,2.5685,4.8193,3.8171,sdf_w5000
GlobalFoundries GF180MCU,min32,5.0,50,62.429,3.5707,2.5685,6.6922,5.69,sdf_w5000
GlobalFoundries GF180MCU,min32,5.0,100,62.429,3.5707,2.5685,9.8136,8.8114,sdf_w5000
GlobalFoundries GF180MCU,min32,5.0,250,62.429,3.5707,2.5685,19.178,18.176,sdf_w5000
GlobalFoundries GF180MCU,min32,5.0,500,62.429,3.5707,2.5685,34.785,33.783,sdf_w5000
GlobalFoundries GF180MCU,min32,5.0,1000,62.429,3.5707,2.5685,66,64.997,sdf_w5000
GlobalFoundries GF180MCU,min16,5.0,1,32.112,1.7779,1.36,1.81,1.3921,sdf_w5000
GlobalFoundries GF180MCU,min16,5.0,2,32.112,1.7779,1.36,1.8421,1.4242,sdf_w5000
GlobalFoundries GF180MCU,min16,5.0,5,32.112,1.7779,1.36,1.9384,1.5206,sdf_w5000
GlobalFoundries GF180MCU,min16,5.0,10,32.112,1.7779,1.36,2.099,1.6811,sdf_w5000
GlobalFoundries GF180MCU,min16,5.0,20,32.112,1.7779,1.36,2.4201,2.0022,sdf_w5000
GlobalFoundries GF180MCU,min16,5.0,50,32.112,1.7779,1.36,3.3834,2.9656,sdf_w5000
GlobalFoundries GF180MCU,min16,5.0,100,32.112,1.7779,1.36,4.989,4.5712,sdf_w5000
GlobalFoundries GF180MCU,min16,5.0,250,32.112,1.7779,1.36,9.8058,9.3879,sdf_w5000
GlobalFoundries GF180MCU,min16,5.0,500,32.112,1.7779,1.36,17.834,17.416,sdf_w5000
GlobalFoundries GF180MCU,min16,5.0,1000,32.112,1.7779,1.36,33.89,33.472,sdf_w5000
GlobalFoundries GF180MCU,lmin2,5.0,1,80.297,49.616,32.508,49.696,32.588,func_200
GlobalFoundries GF180MCU,lmin2,5.0,2,80.297,49.616,32.508,49.776,32.669,func_200
GlobalFoundries GF180MCU,lmin2,5.0,5,80.297,49.616,32.508,50.017,32.91,func_200
GlobalFoundries GF180MCU,lmin2,5.0,10,80.297,49.616,32.508,50.419,33.311,func_200
GlobalFoundries GF180MCU,lmin2,5.0,20,80.297,49.616,32.508,51.222,34.114,func_200
GlobalFoundries GF180MCU,lmin2,5.0,50,80.297,49.616,32.508,53.631,36.523,func_200
GlobalFoundries GF180MCU,lmin2,5.0,100,80.297,49.616,32.508,57.645,40.538,func_200
GlobalFoundries GF180MCU,lmin2,5.0,250,80.297,49.616,32.508,69.69,52.582,func_200
GlobalFoundries GF180MCU,lmin2,5.0,500,80.297,49.616,32.508,89.764,72.656,func_200
GlobalFoundries GF180MCU,lmin2,5.0,1000,80.297,49.616,32.508,129.91,112.8,func_200
GlobalFoundries GF180MCU,g32p50,5.0,1,29.25,2.7655,1.926,2.7948,1.9553,sdf_w5000
GlobalFoundries GF180MCU,g32p50,5.0,2,29.25,2.7655,1.926,2.824,1.9845,sdf_w5000
GlobalFoundries GF180MCU,g32p50,5.0,5,29.25,2.7655,1.926,2.9118,2.0723,sdf_w5000
GlobalFoundries GF180MCU,g32p50,5.0,10,29.25,2.7655,1.926,3.058,2.2185,sdf_w5000
GlobalFoundries GF180MCU,g32p50,5.0,20,29.25,2.7655,1.926,3.3505,2.511,sdf_w5000
GlobalFoundries GF180MCU,g32p50,5.0,50,29.25,2.7655,1.926,4.228,3.3885,sdf_w5000
GlobalFoundries GF180MCU,g32p50,5.0,100,29.25,2.7655,1.926,5.6905,4.851,sdf_w5000
GlobalFoundries GF180MCU,g32p50,5.0,250,29.25,2.7655,1.926,10.078,9.2385,sdf_w5000
GlobalFoundries GF180MCU,g32p50,5.0,500,29.25,2.7655,1.926,17.391,16.551,sdf_w5000
GlobalFoundries GF180MCU,g32p50,5.0,1000,29.25,2.7655,1.926,32.016,31.176,sdf_w5000
IHP SG13G2,sp,1.2,1,2.2688,59.535,3.6583,59.537,3.6606,sdf_w5000
IHP SG13G2,sp,1.2,2,2.2688,59.535,3.6583,59.539,3.6629,sdf_w5000
IHP SG13G2,sp,1.2,5,2.2688,59.535,3.6583,59.546,3.6697,sdf_w5000
IHP SG13G2,sp,1.2,10,2.2688,59.535,3.6583,59.558,3.681,sdf_w5000
IHP SG13G2,sp,1.2,20,2.2688,59.535,3.6583,59.58,3.7037,sdf_w5000
IHP SG13G2,sp,1.2,50,2.2688,59.535,3.6583,59.648,3.7718,sdf_w5000
IHP SG13G2,sp,1.2,100,2.2688,59.535,3.6583,59.762,3.8852,sdf_w5000
IHP SG13G2,sp,1.2,250,2.2688,59.535,3.6583,60.102,4.2255,sdf_w5000
IHP SG13G2,sp,1.2,500,2.2688,59.535,3.6583,60.669,4.7927,sdf_w5000
IHP SG13G2,sp,1.2,1000,2.2688,59.535,3.6583,61.804,5.9272,sdf_w5000
IHP SG13G2,min32,1.2,1,2.9267,49.404,2.9827,49.407,2.9856,sdf_w5000
IHP SG13G2,min32,1.2,2,2.9267,49.404,2.9827,49.41,2.9885,sdf_w5000
IHP SG13G2,min32,1.2,5,2.9267,49.404,2.9827,49.419,2.9973,sdf_w5000
IHP SG13G2,min32,1.2,10,2.9267,49.404,2.9827,49.433,3.0119,sdf_w5000
IHP SG13G2,min32,1.2,20,2.9267,49.404,2.9827,49.462,3.0412,sdf_w5000
IHP SG13G2,min32,1.2,50,2.9267,49.404,2.9827,49.55,3.129,sdf_w5000
IHP SG13G2,min32,1.2,100,2.9267,49.404,2.9827,49.697,3.2753,sdf_w5000
IHP SG13G2,min32,1.2,250,2.9267,49.404,2.9827,50.136,3.7143,sdf_w5000
IHP SG13G2,min32,1.2,500,2.9267,49.404,2.9827,50.867,4.446,sdf_w5000
IHP SG13G2,min32,1.2,1000,2.9267,49.404,2.9827,52.331,5.9094,sdf_w5000
IHP SG13G2,min16,1.2,1,1.3485,16.177,1.5353,16.178,1.5366,sdf_w5000
IHP SG13G2,min16,1.2,2,1.3485,16.177,1.5353,16.18,1.538,sdf_w5000
IHP SG13G2,min16,1.2,5,1.3485,16.177,1.5353,16.184,1.542,sdf_w5000
IHP SG13G2,min16,1.2,10,1.3485,16.177,1.5353,16.191,1.5488,sdf_w5000
IHP SG13G2,min16,1.2,20,1.3485,16.177,1.5353,16.204,1.5623,sdf_w5000
IHP SG13G2,min16,1.2,50,1.3485,16.177,1.5353,16.244,1.6027,sdf_w5000
IHP SG13G2,min16,1.2,100,1.3485,16.177,1.5353,16.312,1.6701,sdf_w5000
IHP SG13G2,min16,1.2,250,1.3485,16.177,1.5353,16.514,1.8724,sdf_w5000
IHP SG13G2,min16,1.2,500,1.3485,16.177,1.5353,16.851,2.2095,sdf_w5000
IHP SG13G2,min16,1.2,1000,1.3485,16.177,1.5353,17.526,2.8838,sdf_w5000
IHP SG13G2,g32p50,1.2,1,1.5778,35.556,2.2383,35.557,2.2399,sdf_w5000
IHP SG13G2,g32p50,1.2,2,1.5778,35.556,2.2383,35.559,2.2414,sdf_w5000
IHP SG13G2,g32p50,1.2,5,1.5778,35.556,2.2383,35.564,2.2462,sdf_w5000
IHP SG13G2,g32p50,1.2,10,1.5778,35.556,2.2383,35.572,2.2541,sdf_w5000
IHP SG13G2,g32p50,1.2,20,1.5778,35.556,2.2383,35.587,2.2698,sdf_w5000
IHP SG13G2,g32p50,1.2,50,1.5778,35.556,2.2383,35.635,2.3172,sdf_w5000
IHP SG13G2,g32p50,1.2,100,1.5778,35.556,2.2383,35.714,2.3961,sdf_w5000
IHP SG13G2,g32p50,1.2,250,1.5778,35.556,2.2383,35.95,2.6327,sdf_w5000
IHP SG13G2,g32p50,1.2,500,1.5778,35.556,2.2383,36.345,3.0272,sdf_w5000
IHP SG13G2,g32p50,1.2,1000,1.5778,35.556,2.2383,37.134,3.8161,sdf_w5000
NanGate45 / FreePDK45,sp,1.1,1,0.4055,764.24,764.28,764.24,764.28,sdf_w5000
NanGate45 / FreePDK45,sp,1.1,2,0.4055,764.24,764.28,764.24,764.28,sdf_w5000
NanGate45 / FreePDK45,sp,1.1,5,0.4055,764.24,764.28,764.24,764.28,sdf_w5000
NanGate45 / FreePDK45,sp,1.1,10,0.4055,764.24,764.28,764.24,764.28,sdf_w5000
NanGate45 / FreePDK45,sp,1.1,20,0.4055,764.24,764.28,764.25,764.29,sdf_w5000
NanGate45 / FreePDK45,sp,1.1,50,0.4055,764.24,764.28,764.26,764.3,sdf_w5000
NanGate45 / FreePDK45,sp,1.1,100,0.4055,764.24,764.28,764.28,764.32,sdf_w5000
NanGate45 / FreePDK45,sp,1.1,250,0.4055,764.24,764.28,764.34,764.38,sdf_w5000
NanGate45 / FreePDK45,sp,1.1,500,0.4055,764.24,764.28,764.44,764.48,sdf_w5000
NanGate45 / FreePDK45,sp,1.1,1000,0.4055,764.24,764.28,764.64,764.69,sdf_w5000
NanGate45 / FreePDK45,m12,1.1,1,0.7145,916.43,916.48,916.43,916.48,sdf_w5000
NanGate45 / FreePDK45,m12,1.1,2,0.7145,916.43,916.48,916.43,916.48,sdf_w5000
NanGate45 / FreePDK45,m12,1.1,5,0.7145,916.43,916.48,916.43,916.48,sdf_w5000
NanGate45 / FreePDK45,m12,1.1,10,0.7145,916.43,916.48,916.44,916.49,sdf_w5000
NanGate45 / FreePDK45,m12,1.1,20,0.7145,916.43,916.48,916.44,916.49,sdf_w5000
NanGate45 / FreePDK45,m12,1.1,50,0.7145,916.43,916.48,916.47,916.52,sdf_w5000
NanGate45 / FreePDK45,m12,1.1,100,0.7145,916.43,916.48,916.5,916.55,sdf_w5000
NanGate45 / FreePDK45,m12,1.1,250,0.7145,916.43,916.48,916.61,916.66,sdf_w5000
NanGate45 / FreePDK45,m12,1.1,500,0.7145,916.43,916.48,916.79,916.84,sdf_w5000
NanGate45 / FreePDK45,m12,1.1,1000,0.7145,916.43,916.48,917.14,917.19,sdf_w5000
NanGate45 / FreePDK45,min32,1.1,1,0.54271,665.37,665.41,665.37,665.42,sdf_w5000
NanGate45 / FreePDK45,min32,1.1,2,0.54271,665.37,665.41,665.37,665.42,sdf_w5000
NanGate45 / FreePDK45,min32,1.1,5,0.54271,665.37,665.41,665.37,665.42,sdf_w5000
NanGate45 / FreePDK45,min32,1.1,10,0.54271,665.37,665.41,665.38,665.42,sdf_w5000
NanGate45 / FreePDK45,min32,1.1,20,0.54271,665.37,665.41,665.38,665.43,sdf_w5000
NanGate45 / FreePDK45,min32,1.1,50,0.54271,665.37,665.41,665.4,665.44,sdf_w5000
NanGate45 / FreePDK45,min32,1.1,100,0.54271,665.37,665.41,665.43,665.47,sdf_w5000
NanGate45 / FreePDK45,min32,1.1,250,0.54271,665.37,665.41,665.51,665.55,sdf_w5000
NanGate45 / FreePDK45,min32,1.1,500,0.54271,665.37,665.41,665.64,665.69,sdf_w5000
NanGate45 / FreePDK45,min32,1.1,1000,0.54271,665.37,665.41,665.91,665.96,sdf_w5000
NanGate45 / FreePDK45,min16,1.1,1,0.27886,352.04,352.05,352.04,352.05,sdf_w5000
NanGate45 / FreePDK45,min16,1.1,2,0.27886,352.04,352.05,352.05,352.05,sdf_w5000
NanGate45 / FreePDK45,min16,1.1,5,0.27886,352.04,352.05,352.05,352.05,sdf_w5000
NanGate45 / FreePDK45,min16,1.1,10,0.27886,352.04,352.05,352.05,352.05,sdf_w5000
NanGate45 / FreePDK45,min16,1.1,20,0.27886,352.04,352.05,352.05,352.05,sdf_w5000
NanGate45 / FreePDK45,min16,1.1,50,0.27886,352.04,352.05,352.06,352.06,sdf_w5000
NanGate45 / FreePDK45,min16,1.1,100,0.27886,352.04,352.05,352.07,352.08,sdf_w5000
NanGate45 / FreePDK45,min16,1.1,250,0.27886,352.04,352.05,352.11,352.12,sdf_w5000
NanGate45 / FreePDK45,min16,1.1,500,0.27886,352.04,352.05,352.18,352.19,sdf_w5000
NanGate45 / FreePDK45,min16,1.1,1000,0.27886,352.04,352.05,352.32,352.33,sdf_w5000
NanGate45 / FreePDK45,g32p50,1.1,1,0.27684,457.12,457.14,457.12,457.14,sdf_w5000
NanGate45 / FreePDK45,g32p50,1.1,2,0.27684,457.12,457.14,457.13,457.14,sdf_w5000
NanGate45 / FreePDK45,g32p50,1.1,5,0.27684,457.12,457.14,457.13,457.14,sdf_w5000
NanGate45 / FreePDK45,g32p50,1.1,10,0.27684,457.12,457.14,457.13,457.14,sdf_w5000
NanGate45 / FreePDK45,g32p50,1.1,20,0.27684,457.12,457.14,457.13,457.14,sdf_w5000
NanGate45 / FreePDK45,g32p50,1.1,50,0.27684,457.12,457.14,457.14,457.15,sdf_w5000
NanGate45 / FreePDK45,g32p50,1.1,100,0.27684,457.12,457.14,457.15,457.16,sdf_w5000
NanGate45 / FreePDK45,g32p50,1.1,250,0.27684,457.12,457.14,457.19,457.21,sdf_w5000
NanGate45 / FreePDK45,g32p50,1.1,500,0.27684,457.12,457.14,457.26,457.27,sdf_w5000
NanGate45 / FreePDK45,g32p50,1.1,1000,0.27684,457.12,457.14,457.4,457.41,sdf_w5000
ASAP7 RVT,sp,0.7,1,0.082215,3.3014,3.3013,3.3015,3.3014,sdf_w5000
ASAP7 RVT,sp,0.7,2,0.082215,3.3014,3.3013,3.3015,3.3015,sdf_w5000
ASAP7 RVT,sp,0.7,5,0.082215,3.3014,3.3013,3.3018,3.3017,sdf_w5000
ASAP7 RVT,sp,0.7,10,0.082215,3.3014,3.3013,3.3022,3.3022,sdf_w5000
ASAP7 RVT,sp,0.7,20,0.082215,3.3014,3.3013,3.303,3.303,sdf_w5000
ASAP7 RVT,sp,0.7,50,0.082215,3.3014,3.3013,3.3055,3.3054,sdf_w5000
ASAP7 RVT,sp,0.7,100,0.082215,3.3014,3.3013,3.3096,3.3096,sdf_w5000
ASAP7 RVT,sp,0.7,250,0.082215,3.3014,3.3013,3.3219,3.3219,sdf_w5000
ASAP7 RVT,sp,0.7,500,0.082215,3.3014,3.3013,3.3425,3.3424,sdf_w5000
ASAP7 RVT,sp,0.7,1000,0.082215,3.3014,3.3013,3.3836,3.3835,sdf_w5000
ASAP7 RVT,m12,0.7,1,0.13838,3.8058,3.8058,3.806,3.806,sdf_w5000
ASAP7 RVT,m12,0.7,2,0.13838,3.8058,3.8058,3.8061,3.8061,sdf_w5000
ASAP7 RVT,m12,0.7,5,0.13838,3.8058,3.8058,3.8065,3.8065,sdf_w5000
ASAP7 RVT,m12,0.7,10,0.13838,3.8058,3.8058,3.8072,3.8072,sdf_w5000
ASAP7 RVT,m12,0.7,20,0.13838,3.8058,3.8058,3.8086,3.8086,sdf_w5000
ASAP7 RVT,m12,0.7,50,0.13838,3.8058,3.8058,3.8128,3.8128,sdf_w5000
ASAP7 RVT,m12,0.7,100,0.13838,3.8058,3.8058,3.8197,3.8197,sdf_w5000
ASAP7 RVT,m12,0.7,250,0.13838,3.8058,3.8058,3.8404,3.8404,sdf_w5000
ASAP7 RVT,m12,0.7,500,0.13838,3.8058,3.8058,3.875,3.875,sdf_w5000
ASAP7 RVT,m12,0.7,1000,0.13838,3.8058,3.8058,3.9442,3.9442,sdf_w5000
ASAP7 RVT,min32,0.7,1,0.10952,2.8087,2.8087,2.8088,2.8088,sdf_w5000
ASAP7 RVT,min32,0.7,2,0.10952,2.8087,2.8087,2.8089,2.8089,sdf_w5000
ASAP7 RVT,min32,0.7,5,0.10952,2.8087,2.8087,2.8093,2.8092,sdf_w5000
ASAP7 RVT,min32,0.7,10,0.10952,2.8087,2.8087,2.8098,2.8097,sdf_w5000
ASAP7 RVT,min32,0.7,20,0.10952,2.8087,2.8087,2.8109,2.8108,sdf_w5000
ASAP7 RVT,min32,0.7,50,0.10952,2.8087,2.8087,2.8142,2.8141,sdf_w5000
ASAP7 RVT,min32,0.7,100,0.10952,2.8087,2.8087,2.8197,2.8196,sdf_w5000
ASAP7 RVT,min32,0.7,250,0.10952,2.8087,2.8087,2.8361,2.836,sdf_w5000
ASAP7 RVT,min32,0.7,500,0.10952,2.8087,2.8087,2.8635,2.8634,sdf_w5000
ASAP7 RVT,min32,0.7,1000,0.10952,2.8087,2.8087,2.9182,2.9182,sdf_w5000
ASAP7 RVT,min16,0.7,1,0.05715,1.5199,1.5199,1.52,1.52,sdf_w5000
ASAP7 RVT,min16,0.7,2,0.05715,1.5199,1.5199,1.52,1.52,sdf_w5000
ASAP7 RVT,min16,0.7,5,0.05715,1.5199,1.5199,1.5202,1.5202,sdf_w5000
ASAP7 RVT,min16,0.7,10,0.05715,1.5199,1.5199,1.5205,1.5205,sdf_w5000
ASAP7 RVT,min16,0.7,20,0.05715,1.5199,1.5199,1.5211,1.521,sdf_w5000
ASAP7 RVT,min16,0.7,50,0.05715,1.5199,1.5199,1.5228,1.5228,sdf_w5000
ASAP7 RVT,min16,0.7,100,0.05715,1.5199,1.5199,1.5256,1.5256,sdf_w5000
ASAP7 RVT,min16,0.7,250,0.05715,1.5199,1.5199,1.5342,1.5342,sdf_w5000
ASAP7 RVT,min16,0.7,500,0.05715,1.5199,1.5199,1.5485,1.5485,sdf_w5000
ASAP7 RVT,min16,0.7,1000,0.05715,1.5199,1.5199,1.5771,1.5771,sdf_w5000
ASAP7 RVT,g32p50,0.7,1,0.063254,2.059,2.0589,2.059,2.059,sdf_w5000
ASAP7 RVT,g32p50,0.7,2,0.063254,2.059,2.0589,2.0591,2.0591,sdf_w5000
ASAP7 RVT,g32p50,0.7,5,0.063254,2.059,2.0589,2.0593,2.0592,sdf_w5000
ASAP7 RVT,g32p50,0.7,10,0.063254,2.059,2.0589,2.0596,2.0596,sdf_w5000
ASAP7 RVT,g32p50,0.7,20,0.063254,2.059,2.0589,2.0602,2.0602,sdf_w5000
ASAP7 RVT,g32p50,0.7,50,0.063254,2.059,2.0589,2.0621,2.0621,sdf_w5000
ASAP7 RVT,g32p50,0.7,100,0.063254,2.059,2.0589,2.0653,2.0653,sdf_w5000
ASAP7 RVT,g32p50,0.7,250,0.063254,2.059,2.0589,2.0748,2.0747,sdf_w5000
ASAP7 RVT,g32p50,0.7,500,0.063254,2.059,2.0589,2.0906,2.0906,sdf_w5000
ASAP7 RVT,g32p50,0.7,1000,0.063254,2.059,2.0589,2.1222,2.1222,sdf_w5000
ASAP7 SRAM-Vt (low leakage),sp,0.7,1,0.079693,0.71875,0.71873,0.71883,0.71881,sdf_w5000
ASAP7 SRAM-Vt (low leakage),sp,0.7,2,0.079693,0.71875,0.71873,0.71891,0.71889,sdf_w5000
ASAP7 SRAM-Vt (low leakage),sp,0.7,5,0.079693,0.71875,0.71873,0.71915,0.71913,sdf_w5000
ASAP7 SRAM-Vt (low leakage),sp,0.7,10,0.079693,0.71875,0.71873,0.71955,0.71953,sdf_w5000
ASAP7 SRAM-Vt (low leakage),sp,0.7,20,0.079693,0.71875,0.71873,0.72034,0.72032,sdf_w5000
ASAP7 SRAM-Vt (low leakage),sp,0.7,50,0.079693,0.71875,0.71873,0.72273,0.72272,sdf_w5000
ASAP7 SRAM-Vt (low leakage),sp,0.7,100,0.079693,0.71875,0.71873,0.72672,0.7267,sdf_w5000
ASAP7 SRAM-Vt (low leakage),sp,0.7,250,0.079693,0.71875,0.71873,0.73867,0.73865,sdf_w5000
ASAP7 SRAM-Vt (low leakage),sp,0.7,500,0.079693,0.71875,0.71873,0.7586,0.75858,sdf_w5000
ASAP7 SRAM-Vt (low leakage),sp,0.7,1000,0.079693,0.71875,0.71873,0.79844,0.79842,sdf_w5000
ASAP7 SRAM-Vt (low leakage),m12,0.7,1,0.13137,0.8426,0.84258,0.84273,0.84271,sdf_w5000
ASAP7 SRAM-Vt (low leakage),m12,0.7,2,0.13137,0.8426,0.84258,0.84286,0.84284,sdf_w5000
ASAP7 SRAM-Vt (low leakage),m12,0.7,5,0.13137,0.8426,0.84258,0.84326,0.84323,sdf_w5000
ASAP7 SRAM-Vt (low leakage),m12,0.7,10,0.13137,0.8426,0.84258,0.84392,0.84389,sdf_w5000
ASAP7 SRAM-Vt (low leakage),m12,0.7,20,0.13137,0.8426,0.84258,0.84523,0.8452,sdf_w5000
ASAP7 SRAM-Vt (low leakage),m12,0.7,50,0.13137,0.8426,0.84258,0.84917,0.84914,sdf_w5000
ASAP7 SRAM-Vt (low leakage),m12,0.7,100,0.13137,0.8426,0.84258,0.85574,0.85571,sdf_w5000
ASAP7 SRAM-Vt (low leakage),m12,0.7,250,0.13137,0.8426,0.84258,0.87544,0.87542,sdf_w5000
ASAP7 SRAM-Vt (low leakage),m12,0.7,500,0.13137,0.8426,0.84258,0.90829,0.90826,sdf_w5000
ASAP7 SRAM-Vt (low leakage),m12,0.7,1000,0.13137,0.8426,0.84258,0.97397,0.97395,sdf_w5000
ASAP7 SRAM-Vt (low leakage),min32,0.7,1,0.10279,0.62498,0.62497,0.62508,0.62507,sdf_w5000
ASAP7 SRAM-Vt (low leakage),min32,0.7,2,0.10279,0.62498,0.62497,0.62518,0.62517,sdf_w5000
ASAP7 SRAM-Vt (low leakage),min32,0.7,5,0.10279,0.62498,0.62497,0.62549,0.62548,sdf_w5000
ASAP7 SRAM-Vt (low leakage),min32,0.7,10,0.10279,0.62498,0.62497,0.626,0.62599,sdf_w5000
ASAP7 SRAM-Vt (low leakage),min32,0.7,20,0.10279,0.62498,0.62497,0.62703,0.62702,sdf_w5000
ASAP7 SRAM-Vt (low leakage),min32,0.7,50,0.10279,0.62498,0.62497,0.63012,0.63011,sdf_w5000
ASAP7 SRAM-Vt (low leakage),min32,0.7,100,0.10279,0.62498,0.62497,0.63525,0.63524,sdf_w5000
ASAP7 SRAM-Vt (low leakage),min32,0.7,250,0.10279,0.62498,0.62497,0.65067,0.65066,sdf_w5000
ASAP7 SRAM-Vt (low leakage),min32,0.7,500,0.10279,0.62498,0.62497,0.67637,0.67636,sdf_w5000
ASAP7 SRAM-Vt (low leakage),min32,0.7,1000,0.10279,0.62498,0.62497,0.72776,0.72775,sdf_w5000
ASAP7 SRAM-Vt (low leakage),min16,0.7,1,0.053876,0.34345,0.34345,0.3435,0.3435,sdf_w5000
ASAP7 SRAM-Vt (low leakage),min16,0.7,2,0.053876,0.34345,0.34345,0.34356,0.34356,sdf_w5000
ASAP7 SRAM-Vt (low leakage),min16,0.7,5,0.053876,0.34345,0.34345,0.34372,0.34372,sdf_w5000
ASAP7 SRAM-Vt (low leakage),min16,0.7,10,0.053876,0.34345,0.34345,0.34399,0.34399,sdf_w5000
ASAP7 SRAM-Vt (low leakage),min16,0.7,20,0.053876,0.34345,0.34345,0.34453,0.34453,sdf_w5000
ASAP7 SRAM-Vt (low leakage),min16,0.7,50,0.053876,0.34345,0.34345,0.34614,0.34614,sdf_w5000
ASAP7 SRAM-Vt (low leakage),min16,0.7,100,0.053876,0.34345,0.34345,0.34884,0.34884,sdf_w5000
ASAP7 SRAM-Vt (low leakage),min16,0.7,250,0.053876,0.34345,0.34345,0.35692,0.35692,sdf_w5000
ASAP7 SRAM-Vt (low leakage),min16,0.7,500,0.053876,0.34345,0.34345,0.37039,0.37039,sdf_w5000
ASAP7 SRAM-Vt (low leakage),min16,0.7,1000,0.053876,0.34345,0.34345,0.39732,0.39733,sdf_w5000
ASAP7 SRAM-Vt (low leakage),g32p50,0.7,1,0.059292,0.45426,0.45426,0.45432,0.45432,sdf_w5000
ASAP7 SRAM-Vt (low leakage),g32p50,0.7,2,0.059292,0.45426,0.45426,0.45438,0.45438,sdf_w5000
ASAP7 SRAM-Vt (low leakage),g32p50,0.7,5,0.059292,0.45426,0.45426,0.45456,0.45456,sdf_w5000
ASAP7 SRAM-Vt (low leakage),g32p50,0.7,10,0.059292,0.45426,0.45426,0.45485,0.45485,sdf_w5000
ASAP7 SRAM-Vt (low leakage),g32p50,0.7,20,0.059292,0.45426,0.45426,0.45545,0.45545,sdf_w5000
ASAP7 SRAM-Vt (low leakage),g32p50,0.7,50,0.059292,0.45426,0.45426,0.45722,0.45722,sdf_w5000
ASAP7 SRAM-Vt (low leakage),g32p50,0.7,100,0.059292,0.45426,0.45426,0.46019,0.46019,sdf_w5000
ASAP7 SRAM-Vt (low leakage),g32p50,0.7,250,0.059292,0.45426,0.45426,0.46908,0.46908,sdf_w5000
ASAP7 SRAM-Vt (low leakage),g32p50,0.7,500,0.059292,0.45426,0.45426,0.48391,0.48391,sdf_w5000
ASAP7 SRAM-Vt (low leakage),g32p50,0.7,1000,0.059292,0.45426,0.45426,0.51355,0.51355,sdf_w5000
